country,indicator,year,value
BD,agriculture_value,1960,57.4743123752637
BD,agriculture_value,1961,57.9882359513306
BD,agriculture_value,1962,57.0185740229353
BD,agriculture_value,1963,57.146668173399
BD,agriculture_value,1964,53.3568366475041
BD,agriculture_value,1965,52.8186947728848
BD,agriculture_value,1966,53.9473705792359
BD,agriculture_value,1967,55.8524783666106
BD,agriculture_value,1968,53.555739970899
BD,agriculture_value,1969,55.4128189249571
BD,agriculture_value,1970,54.5614999911132
BD,agriculture_value,1971,51.0313112066753
BD,agriculture_value,1972,59.6099059973143
BD,agriculture_value,1973,56.6388529969867
BD,agriculture_value,1974,56.6365531249665
BD,agriculture_value,1975,61.9541391335466
BD,agriculture_value,1976,51.9144569344659
BD,agriculture_value,1977,48.898056925939
BD,agriculture_value,1978,54.2503083024678
BD,agriculture_value,1979,52.4520120556112
BD,agriculture_value,1980,32.8238918515406
BD,agriculture_value,1981,31.9515169185203
BD,agriculture_value,1982,31.4416963304952
BD,agriculture_value,1983,31.0460304619363
BD,agriculture_value,1984,34.6986320797597
BD,agriculture_value,1985,33.0067315667626
BD,agriculture_value,1986,32.3691528885324
BD,agriculture_value,1987,32.6639009291872
BD,agriculture_value,1988,31.3191777996177
BD,agriculture_value,1989,30.5616428363458
BD,agriculture_value,1990,30.4898330963098
BD,agriculture_value,1991,31.6770232352381
BD,agriculture_value,1992,30.5175252361271
BD,agriculture_value,1993,27.3210858173117
BD,agriculture_value,1994,26.7255375508155
BD,agriculture_value,1995,27.3043698025967
BD,agriculture_value,1996,23.266208049769
BD,agriculture_value,1997,23.2461437492233
BD,agriculture_value,1998,22.5874157614312
BD,agriculture_value,1999,22.6584111161909
BD,agriculture_value,2000,22.7181480755923
BD,agriculture_value,2001,21.8483405815259
BD,agriculture_value,2002,20.5841344226366
BD,agriculture_value,2003,19.8127182977042
BD,agriculture_value,2004,19.2669595662859
BD,agriculture_value,2005,18.5710395455964
BD,agriculture_value,2006,18.0340165108542
BD,agriculture_value,2007,17.8065367823955
BD,agriculture_value,2008,17.5956955421992
BD,agriculture_value,2009,17.1046290519632
BD,agriculture_value,2010,17.0011812592919
BD,agriculture_value,2011,16.8099867573503
BD,agriculture_value,2012,16.1775631732753
BD,agriculture_value,2013,15.4932779975908
BD,agriculture_value,2014,15.3516208986344
BD,agriculture_value,2015,14.7829964369364
BD,agriculture_value,2016,13.4647923176039
BD,agriculture_value,2017,12.9572760433733
BD,agriculture_value,2018,12.4800771856196
BD,agriculture_value,2019,11.9753231358984
BD,agriculture_value,2020,11.9996868602485
BD,agriculture_value,2021,11.6328584271282
BD,agriculture_value,2022,11.2176010351595
BD,agriculture_value,2023,11.0036900209598
BD,agriculture_value,2024,11.1648014276903
BD,gdp_per_capita,1960,82.4812774116354
BD,gdp_per_capita,1961,90.3685786294248
BD,gdp_per_capita,1962,92.5894211769315
BD,gdp_per_capita,1963,94.1423742967849
BD,gdp_per_capita,1964,92.5782977938389
BD,gdp_per_capita,1965,98.6041470420746
BD,gdp_per_capita,1966,104.42205467886
BD,gdp_per_capita,1967,114.209881696109
BD,gdp_per_capita,1968,114.414967470375
BD,gdp_per_capita,1969,125.880311698198
BD,gdp_per_capita,1970,130.218160844955
BD,gdp_per_capita,1971,124.533963099152
BD,gdp_per_capita,1972,87.773765191476
BD,gdp_per_capita,1973,109.691726756912
BD,gdp_per_capita,1974,164.986393602814
BD,gdp_per_capita,1975,249.804254016022
BD,gdp_per_capita,1976,126.693044204437
BD,gdp_per_capita,1977,117.887771379224
BD,gdp_per_capita,1978,158.324255152285
BD,gdp_per_capita,1979,181.130706703135
BD,gdp_per_capita,1980,206.075714312155
BD,gdp_per_capita,1981,224.241392391192
BD,gdp_per_capita,1982,199.595944646851
BD,gdp_per_capita,1983,184.70677287459
BD,gdp_per_capita,1984,193.435020976238
BD,gdp_per_capita,1985,222.22018039634
BD,gdp_per_capita,1986,212.14899385306
BD,gdp_per_capita,1987,231.499584520483
BD,gdp_per_capita,1988,247.901465967332
BD,gdp_per_capita,1989,263.005720827547
BD,gdp_per_capita,1990,283.053737055234
BD,gdp_per_capita,1991,272.064948495878
BD,gdp_per_capita,1992,273.465072520272
BD,gdp_per_capita,1993,280.757274450366
BD,gdp_per_capita,1994,280.603031791216
BD,gdp_per_capita,1995,309.458680823367
BD,gdp_per_capita,1996,371.917937677345
BD,gdp_per_capita,1997,379.284917709635
BD,gdp_per_capita,1998,385.616881752796
BD,gdp_per_capita,1999,388.095684268235
BD,gdp_per_capita,2000,396.670730249751
BD,gdp_per_capita,2001,394.65641001891
BD,gdp_per_capita,2002,393.886422327628
BD,gdp_per_capita,2003,426.74880754362
BD,gdp_per_capita,2004,455.614016909798
BD,gdp_per_capita,2005,480.08585075452
BD,gdp_per_capita,2006,490.388026533289
BD,gdp_per_capita,2007,537.955492792911
BD,gdp_per_capita,2008,613.06204104124
BD,gdp_per_capita,2009,679.211477428056
BD,gdp_per_capita,2010,757.385280361508
BD,gdp_per_capita,2011,837.336944695647
BD,gdp_per_capita,2012,859.680536375497
BD,gdp_per_capita,2013,958.262989798283
BD,gdp_per_capita,2014,1094.46199702838
BD,gdp_per_capita,2015,1224.38647668165
BD,gdp_per_capita,2016,1649.28380858601
BD,gdp_per_capita,2017,1811.08221668646
BD,gdp_per_capita,2018,1965.24372731467
BD,gdp_per_capita,2019,2129.79896954606
BD,gdp_per_capita,2020,2248.85078828233
BD,gdp_per_capita,2021,2482.84917843357
BD,gdp_per_capita,2022,2716.48592780431
BD,gdp_per_capita,2023,2551.01773827307
BD,gdp_per_capita,2024,2593.41611680774
BD,population,1960,51828660.0
BD,population,1961,53310348.0
BD,population,1962,54881146.0
BD,population,1963,56504402.0
BD,population,1964,58178374.0
BD,population,1965,59902519.0
BD,population,1966,61669806.0
BD,population,1967,63510929.0
BD,population,1968,65408276.0
BD,population,1969,67294133.0
BD,population,1970,69058894.0
BD,population,1971,70276758.0
BD,population,1972,71641519.0
BD,population,1973,73722294.0
BD,population,1974,75839348.0
BD,population,1975,77854351.0
BD,population,1976,79855318.0
BD,population,1977,81867264.0
BD,population,1978,83889655.0
BD,population,1979,85935072.0
BD,population,1980,88016432.0
BD,population,1981,90303105.0
BD,population,1982,92814507.0
BD,population,1983,95335155.0
BD,population,1984,97814966.0
BD,population,1985,100253825.0
BD,population,1986,102635572.0
BD,population,1987,104959291.0
BD,population,1988,107216008.0
BD,population,1989,109433799.0
BD,population,1990,111633717.0
BD,population,1991,113787109.0
BD,population,1992,115952192.0
BD,population,1993,118132360.0
BD,population,1994,120343179.0
BD,population,1995,122600370.0
BD,population,1996,124862179.0
BD,population,1997,127198069.0
BD,population,1998,129622332.0
BD,population,1999,132108065.0
BD,population,2000,134544304.0
BD,population,2001,136805810.0
BD,population,2002,138933658.0
BD,population,2003,140970351.0
BD,population,2004,142902856.0
BD,population,2005,144715786.0
BD,population,2006,146405973.0
BD,population,2007,147989278.0
BD,population,2008,149474264.0
BD,population,2009,150873714.0
BD,population,2010,152201981.0
BD,population,2011,153591076.0
BD,population,2012,155070101.0
BD,population,2013,156532141.0
BD,population,2014,157964929.0
BD,population,2015,159383179.0
BD,population,2016,160811932.0
BD,population,2017,162186147.0
BD,population,2018,163523103.0
BD,population,2019,164913055.0
BD,population,2020,166298024.0
BD,population,2021,167658854.0
BD,population,2022,169384897.0
BD,population,2023,171466990.0
BD,population,2024,173562364.0
BD,poverty_headcount,1983,47.1
BD,poverty_headcount,1985,41.4
BD,poverty_headcount,1988,51.1
BD,poverty_headcount,1991,51.2
BD,poverty_headcount,1995,43.4
BD,poverty_headcount,2000,41.4
BD,poverty_headcount,2005,32.3
BD,poverty_headcount,2010,25.1
BD,poverty_headcount,2016,19.5
BD,poverty_headcount,2022,5.9
BD,school_enrollment,1970,51.62585
BD,school_enrollment,1973,72.03309
BD,school_enrollment,1976,76.7823
BD,school_enrollment,1977,73.18313
BD,school_enrollment,1978,72.14783
BD,school_enrollment,1981,68.55957
BD,school_enrollment,1983,65.58304
BD,school_enrollment,1984,64.46519
BD,school_enrollment,1985,62.89953
BD,school_enrollment,1986,62.08812
BD,school_enrollment,1987,61.20893
BD,school_enrollment,1988,71.93169
BD,school_enrollment,1989,71.90344
BD,school_enrollment,1990,74.92288
BD,school_enrollment,2005,93.68999
BD,school_enrollment,2006,93.43051
BD,school_enrollment,2008,92.56719
BD,school_enrollment,2009,92.54123
BD,school_enrollment,2010,90.53203
BD,unemployment_rate,1991,2.2
BD,unemployment_rate,1992,2.233
BD,unemployment_rate,1993,2.31
BD,unemployment_rate,1994,2.37
BD,unemployment_rate,1995,2.441
BD,unemployment_rate,1996,2.51
BD,unemployment_rate,1997,2.698
BD,unemployment_rate,1998,2.893
BD,unemployment_rate,1999,3.088
BD,unemployment_rate,2000,3.27
BD,unemployment_rate,2001,3.609
BD,unemployment_rate,2002,3.966
BD,unemployment_rate,2003,4.32
BD,unemployment_rate,2004,4.316
BD,unemployment_rate,2005,4.25
BD,unemployment_rate,2006,3.591
BD,unemployment_rate,2007,4.015
BD,unemployment_rate,2008,4.49
BD,unemployment_rate,2009,5.0
BD,unemployment_rate,2010,3.379
BD,unemployment_rate,2011,3.737
BD,unemployment_rate,2012,4.07
BD,unemployment_rate,2013,4.426
BD,unemployment_rate,2014,4.417
BD,unemployment_rate,2015,4.397
BD,unemployment_rate,2016,4.35
BD,unemployment_rate,2017,4.372
BD,unemployment_rate,2018,4.439
BD,unemployment_rate,2019,4.504
BD,unemployment_rate,2020,5.539
BD,unemployment_rate,2021,5.457
BD,unemployment_rate,2022,4.593
BD,unemployment_rate,2023,3.352
BD,unemployment_rate,2024,3.635
BD,unemployment_rate,2025,3.778
ID,agriculture_value,1983,24.1049192918087
ID,agriculture_value,1984,23.456098917004
ID,agriculture_value,1985,23.767641320597
ID,agriculture_value,1986,24.2534416295532
ID,agriculture_value,1987,23.3269453094893
ID,agriculture_value,1988,24.1215919518553
ID,agriculture_value,1989,23.4255287714725
ID,agriculture_value,1990,21.5487236013603
ID,agriculture_value,1991,19.661807287925
ID,agriculture_value,1992,19.5214104727292
ID,agriculture_value,1993,17.8798444276384
ID,agriculture_value,1994,17.286262325045
ID,agriculture_value,1995,17.1383462031211
ID,agriculture_value,1996,16.6723873758844
ID,agriculture_value,1997,16.0921102228181
ID,agriculture_value,1998,18.0828529531935
ID,agriculture_value,1999,19.612676402133
ID,agriculture_value,2000,15.6787044387708
ID,agriculture_value,2001,15.9949177621389
ID,agriculture_value,2002,16.3196689664379
ID,agriculture_value,2003,15.1853482186248
ID,agriculture_value,2004,14.3357802955642
ID,agriculture_value,2005,13.1266186400506
ID,agriculture_value,2006,12.9738027192484
ID,agriculture_value,2007,13.7166831034562
ID,agriculture_value,2008,14.4817402607761
ID,agriculture_value,2009,15.290148146172
ID,agriculture_value,2010,13.929212707137
ID,agriculture_value,2011,13.5122870743946
ID,agriculture_value,2012,13.3739742350727
ID,agriculture_value,2013,13.3566991621949
ID,agriculture_value,2014,13.3367549992146
ID,agriculture_value,2015,13.4926435578886
ID,agriculture_value,2016,13.4787485470271
ID,agriculture_value,2017,13.1566308462661
ID,agriculture_value,2018,12.8084975586902
ID,agriculture_value,2019,12.7126026577522
ID,agriculture_value,2020,13.6984142796138
ID,agriculture_value,2021,13.2801691376596
ID,agriculture_value,2022,12.3996501634108
ID,agriculture_value,2023,12.5294214769584
ID,agriculture_value,2024,12.6086658797584
ID,gdp_per_capita,1967,53.2051866988581
ID,gdp_per_capita,1968,64.6547730642556
ID,gdp_per_capita,1969,74.0988114128793
ID,gdp_per_capita,1970,79.118823484002
ID,gdp_per_capita,1971,78.5428393869752
ID,gdp_per_capita,1972,90.1147549138956
ID,gdp_per_capita,1973,129.886231088685
ID,gdp_per_capita,1974,200.710984454591
ID,gdp_per_capita,1975,231.060120618497
ID,gdp_per_capita,1976,275.713167824796
ID,gdp_per_capita,1977,330.670214101079
ID,gdp_per_capita,1978,362.483779779007
ID,gdp_per_capita,1979,353.424175826329
ID,gdp_per_capita,1980,486.620172021155
ID,gdp_per_capita,1981,560.830336032961
ID,gdp_per_capita,1982,577.745632722784
ID,gdp_per_capita,1983,507.682945653414
ID,gdp_per_capita,1984,519.774063103241
ID,gdp_per_capita,1985,511.400883618027
ID,gdp_per_capita,1986,469.834241253429
ID,gdp_per_capita,1987,437.60655039936
ID,gdp_per_capita,1988,476.662483405818
ID,gdp_per_capita,1989,524.143027322576
ID,gdp_per_capita,1990,578.420121135382
ID,gdp_per_capita,1991,624.387495384411
ID,gdp_per_capita,1992,673.67103954742
ID,gdp_per_capita,1993,817.395116417856
ID,gdp_per_capita,1994,899.793982949817
ID,gdp_per_capita,1995,1011.22614205568
ID,gdp_per_capita,1996,1118.92133024129
ID,gdp_per_capita,1997,1044.60674832472
ID,gdp_per_capita,1998,454.877800792123
ID,gdp_per_capita,1999,657.268934667018
ID,gdp_per_capita,2000,763.711124950924
ID,gdp_per_capita,2001,732.307093405708
ID,gdp_per_capita,2002,881.002913569131
ID,gdp_per_capita,2003,1043.2105838671
ID,gdp_per_capita,2004,1126.84004447173
ID,gdp_per_capita,2005,1238.21447629488
ID,gdp_per_capita,2006,1558.31562847163
ID,gdp_per_capita,2007,1823.21976255073
ID,gdp_per_capita,2008,2124.55483920618
ID,gdp_per_capita,2009,2218.48541852977
ID,gdp_per_capita,2010,3065.68348377765
ID,gdp_per_capita,2011,3579.46442466152
ID,gdp_per_capita,2012,3632.27254030331
ID,gdp_per_capita,2013,3566.60284506078
ID,gdp_per_capita,2014,3441.06808464008
ID,gdp_per_capita,2015,3288.22269725538
ID,gdp_per_capita,2016,3521.46943457574
ID,gdp_per_capita,2017,3798.88326174526
ID,gdp_per_capita,2018,3860.95353090726
ID,gdp_per_capita,2019,4106.94856160358
ID,gdp_per_capita,2020,3853.70288774146
ID,gdp_per_capita,2021,4287.17313995098
ID,gdp_per_capita,2022,4730.83484836107
ID,gdp_per_capita,2023,4876.30774512252
ID,gdp_per_capita,2024,4925.43048751861
ID,population,1960,88296070.0
ID,population,1961,90791249.0
ID,population,1962,93375850.0
ID,population,1963,96051424.0
ID,population,1964,98833749.0
ID,population,1965,101365130.0
ID,population,1966,103792754.0
ID,population,1967,106526393.0
ID,population,1968,109450006.0
ID,population,1969,112517639.0
ID,population,1970,115657495.0
ID,population,1971,118833702.0
ID,population,1972,122039841.0
ID,population,1973,125288515.0
ID,population,1974,128555045.0
ID,population,1975,131843848.0
ID,population,1976,135173655.0
ID,population,1977,138533541.0
ID,population,1978,141953163.0
ID,population,1979,145434834.0
ID,population,1980,148950540.0
ID,population,1981,152485035.0
ID,population,1982,156052152.0
ID,population,1983,159651381.0
ID,population,1984,163251124.0
ID,population,1985,166776185.0
ID,population,1986,170175065.0
ID,population,1987,173511154.0
ID,population,1988,176855065.0
ID,population,1989,180201630.0
ID,population,1990,183501098.0
ID,population,1991,186778238.0
ID,population,1992,190043744.0
ID,population,1993,193305168.0
ID,population,1994,196591828.0
ID,population,1995,199888057.0
ID,population,1996,203204348.0
ID,population,1997,206536095.0
ID,population,1998,209826788.0
ID,population,1999,213004668.0
ID,population,2000,216077790.0
ID,population,2001,219097902.0
ID,population,2002,222088495.0
ID,population,2003,225048008.0
ID,population,2004,227926649.0
ID,population,2005,230871650.0
ID,population,2006,233951652.0
ID,population,2007,237062337.0
ID,population,2008,240157903.0
ID,population,2009,243220028.0
ID,population,2010,246305322.0
ID,population,2011,249470032.0
ID,population,2012,252698525.0
ID,population,2013,255852467.0
ID,population,2014,258877399.0
ID,population,2015,261799249.0
ID,population,2016,264627418.0
ID,population,2017,267346658.0
ID,population,2018,269951846.0
ID,population,2019,272489381.0
ID,population,2020,274814866.0
ID,population,2021,276758053.0
ID,population,2022,278830529.0
ID,population,2023,281190067.0
ID,population,2024,283487931.0
ID,poverty_headcount,1984,86.2
ID,poverty_headcount,1987,86.8
ID,poverty_headcount,1990,78.6
ID,poverty_headcount,1993,78.0
ID,poverty_headcount,1996,68.1
ID,poverty_headcount,1998,82.8
ID,poverty_headcount,1999,66.2
ID,poverty_headcount,2000,65.7
ID,poverty_headcount,2001,62.3
ID,poverty_headcount,2002,46.8
ID,poverty_headcount,2003,45.5
ID,poverty_headcount,2004,45.4
ID,poverty_headcount,2005,41.1
ID,poverty_headcount,2006,46.8
ID,poverty_headcount,2007,41.1
ID,poverty_headcount,2008,38.0
ID,poverty_headcount,2009,37.9
ID,poverty_headcount,2010,34.1
ID,poverty_headcount,2011,31.2
ID,poverty_headcount,2012,26.6
ID,poverty_headcount,2013,27.2
ID,poverty_headcount,2014,25.7
ID,poverty_headcount,2015,21.6
ID,poverty_headcount,2016,18.0
ID,poverty_headcount,2017,14.8
ID,poverty_headcount,2018,12.5
ID,poverty_headcount,2019,10.9
ID,poverty_headcount,2020,9.8
ID,poverty_headcount,2021,8.6
ID,poverty_headcount,2022,7.9
ID,poverty_headcount,2023,6.7
ID,poverty_headcount,2024,5.4
ID,poverty_headcount,2025,4.0
ID,school_enrollment,1971,70.05028
ID,school_enrollment,1972,71.18559
ID,school_enrollment,1974,70.91468
ID,school_enrollment,1975,73.36134
ID,school_enrollment,1976,76.27509
ID,school_enrollment,1977,78.66262
ID,school_enrollment,1978,85.4446
ID,school_enrollment,1981,90.12354
ID,school_enrollment,1982,96.03236
ID,school_enrollment,1983,97.42245
ID,school_enrollment,1984,97.70897
ID,school_enrollment,1985,97.82536
ID,school_enrollment,1986,97.21808
ID,school_enrollment,1987,98.05198
ID,school_enrollment,1988,97.76875
ID,school_enrollment,1989,97.87723
ID,school_enrollment,1990,96.23255
ID,school_enrollment,1991,95.32152
ID,school_enrollment,1992,94.45806
ID,school_enrollment,1993,93.25455
ID,school_enrollment,1994,93.78734
ID,school_enrollment,1995,93.61081
ID,school_enrollment,1996,92.51603
ID,school_enrollment,1997,92.46189
ID,school_enrollment,2001,91.94318
ID,school_enrollment,2002,91.32723
ID,school_enrollment,2003,90.64128
ID,school_enrollment,2004,89.73712
ID,school_enrollment,2005,88.93075
ID,school_enrollment,2006,91.79173
ID,school_enrollment,2007,93.81578
ID,school_enrollment,2008,93.13418
ID,school_enrollment,2009,93.76106
ID,school_enrollment,2010,94.22952
ID,school_enrollment,2011,93.73808
ID,school_enrollment,2012,92.85318
ID,school_enrollment,2013,90.5756
ID,school_enrollment,2014,90.00059
ID,school_enrollment,2016,92.77266
ID,school_enrollment,2017,94.09782
ID,school_enrollment,2018,93.4963
ID,unemployment_rate,1991,2.617
ID,unemployment_rate,1992,2.734
ID,unemployment_rate,1993,2.782
ID,unemployment_rate,1994,4.366
ID,unemployment_rate,1995,4.611
ID,unemployment_rate,1996,4.861
ID,unemployment_rate,1997,4.684
ID,unemployment_rate,1998,5.459
ID,unemployment_rate,1999,6.358
ID,unemployment_rate,2000,6.077
ID,unemployment_rate,2001,6.082
ID,unemployment_rate,2002,6.604
ID,unemployment_rate,2003,6.657
ID,unemployment_rate,2004,7.303
ID,unemployment_rate,2005,7.945
ID,unemployment_rate,2006,7.551
ID,unemployment_rate,2007,8.06
ID,unemployment_rate,2008,7.208
ID,unemployment_rate,2009,6.106
ID,unemployment_rate,2010,5.614
ID,unemployment_rate,2011,5.153
ID,unemployment_rate,2012,4.468
ID,unemployment_rate,2013,4.336
ID,unemployment_rate,2014,4.049
ID,unemployment_rate,2015,4.514
ID,unemployment_rate,2016,4.301
ID,unemployment_rate,2017,3.783
ID,unemployment_rate,2018,4.387
ID,unemployment_rate,2019,3.59
ID,unemployment_rate,2020,4.255
ID,unemployment_rate,2021,3.827
ID,unemployment_rate,2022,3.462
ID,unemployment_rate,2023,3.308
ID,unemployment_rate,2024,3.301
ID,unemployment_rate,2025,3.237
KE,agriculture_value,1960,35.3474135345391
KE,agriculture_value,1961,34.073102243936
KE,agriculture_value,1962,37.574194883491
KE,agriculture_value,1963,38.4498114224708
KE,agriculture_value,1964,36.8320801767525
KE,agriculture_value,1965,32.4186398481032
KE,agriculture_value,1966,34.7078582943185
KE,agriculture_value,1967,33.6574284416174
KE,agriculture_value,1968,31.7057022262683
KE,agriculture_value,1969,30.8975712777191
KE,agriculture_value,1970,30.16973422275
KE,agriculture_value,1971,28.1622949271027
KE,agriculture_value,1972,32.2109354238639
KE,agriculture_value,1973,31.8774962996698
KE,agriculture_value,1974,31.2991420759876
KE,agriculture_value,1975,30.1729756831286
KE,agriculture_value,1976,33.3269159328564
KE,agriculture_value,1977,37.0068283241034
KE,agriculture_value,1978,32.0642230927976
KE,agriculture_value,1979,30.1862501072869
KE,agriculture_value,1980,27.7907613507416
KE,agriculture_value,1981,27.8734520123839
KE,agriculture_value,1982,28.9666010892868
KE,agriculture_value,1983,29.8687559836265
KE,agriculture_value,1984,29.5098977394204
KE,agriculture_value,1985,28.6062318225284
KE,agriculture_value,1986,28.7775774262261
KE,agriculture_value,1987,27.1716538650978
KE,agriculture_value,1988,25.5402040600799
KE,agriculture_value,1989,25.9638119035868
KE,agriculture_value,1990,25.3141333603755
KE,agriculture_value,1991,24.3201481720275
KE,agriculture_value,1992,24.781287223819
KE,agriculture_value,1993,26.8080134088411
KE,agriculture_value,1994,28.1153566812096
KE,agriculture_value,1995,26.3496195621312
KE,agriculture_value,1996,27.4925217805866
KE,agriculture_value,1997,27.6939373994727
KE,agriculture_value,1998,27.7449136009738
KE,agriculture_value,1999,28.7440796130558
KE,agriculture_value,2000,28.7217806412905
KE,agriculture_value,2001,27.8492601112896
KE,agriculture_value,2002,25.8539676039456
KE,agriculture_value,2003,25.8044393708329
KE,agriculture_value,2004,24.9290410875057
KE,agriculture_value,2005,24.2362747002419
KE,agriculture_value,2006,20.5196878049409
KE,agriculture_value,2007,20.5866644602991
KE,agriculture_value,2008,22.1963401579826
KE,agriculture_value,2009,16.2549814662286
KE,agriculture_value,2010,17.5677598863696
KE,agriculture_value,2011,18.8947112249953
KE,agriculture_value,2012,18.8297259329446
KE,agriculture_value,2013,18.6165515854622
KE,agriculture_value,2014,18.3478393393556
KE,agriculture_value,2015,19.4696147780528
KE,agriculture_value,2016,20.0345164328349
KE,agriculture_value,2017,20.8936374065292
KE,agriculture_value,2018,20.314910419968
KE,agriculture_value,2019,20.8611638110686
KE,agriculture_value,2020,22.7027261604451
KE,agriculture_value,2021,21.4770750957252
KE,agriculture_value,2022,21.0361920649933
KE,agriculture_value,2023,21.4522060902205
KE,agriculture_value,2024,22.4728462758555
KE,gdp_per_capita,1960,102.824417465582
KE,gdp_per_capita,1961,99.2716957068382
KE,gdp_per_capita,1962,104.600455936259
KE,gdp_per_capita,1963,107.393655978243
KE,gdp_per_capita,1964,111.300544823892
KE,gdp_per_capita,1965,106.865601340262
KE,gdp_per_capita,1966,119.833476389359
KE,gdp_per_capita,1967,121.90214207834
KE,gdp_per_capita,1968,128.654646882243
KE,gdp_per_capita,1969,133.310793093247
KE,gdp_per_capita,1970,141.039390962597
KE,gdp_per_capita,1971,150.852979093178
KE,gdp_per_capita,1972,172.642044778441
KE,gdp_per_capita,1973,198.578083872556
KE,gdp_per_capita,1974,227.233442066411
KE,gdp_per_capita,1975,241.224426147057
KE,gdp_per_capita,1976,248.935108198575
KE,gdp_per_capita,1977,311.48625291648
KE,gdp_per_capita,1978,355.141982232607
KE,gdp_per_capita,1979,403.242079834358
KE,gdp_per_capita,1980,453.558973444809
KE,gdp_per_capita,1981,412.883704225392
KE,gdp_per_capita,1982,373.794835688888
KE,gdp_per_capita,1983,335.037151735189
KE,gdp_per_capita,1984,334.40283575753
KE,gdp_per_capita,1985,319.503611010714
KE,gdp_per_capita,1986,363.745117772717
KE,gdp_per_capita,1987,386.630929992512
KE,gdp_per_capita,1988,391.238771204282
KE,gdp_per_capita,1989,374.489193682103
KE,gdp_per_capita,1990,374.458992895562
KE,gdp_per_capita,1991,344.722642127742
KE,gdp_per_capita,1992,336.68139978696
KE,gdp_per_capita,1993,228.998032843434
KE,gdp_per_capita,1994,276.447871981244
KE,gdp_per_capita,1995,340.064842175429
KE,gdp_per_capita,1996,440.527078880876
KE,gdp_per_capita,1997,466.723814611399
KE,gdp_per_capita,1998,487.883239905452
KE,gdp_per_capita,1999,433.721235701305
KE,gdp_per_capita,2000,414.626365130846
KE,gdp_per_capita,2001,410.700452474814
KE,gdp_per_capita,2002,402.936385605382
KE,gdp_per_capita,2003,442.898457253405
KE,gdp_per_capita,2004,463.662781300121
KE,gdp_per_capita,2005,523.456312433863
KE,gdp_per_capita,2006,699.80237063381
KE,gdp_per_capita,2007,840.201439476765
KE,gdp_per_capita,2008,915.54435473604
KE,gdp_per_capita,2009,1047.9678324485
KE,gdp_per_capita,2010,1091.51873101194
KE,gdp_per_capita,2011,1096.14499807675
KE,gdp_per_capita,2012,1285.00536171512
KE,gdp_per_capita,2013,1370.87885214659
KE,gdp_per_capita,2014,1482.81566253497
KE,gdp_per_capita,2015,1489.11959777284
KE,gdp_per_capita,2016,1554.12610314423
KE,gdp_per_capita,2017,1667.48447230835
KE,gdp_per_capita,2018,1836.45275528993
KE,gdp_per_capita,2019,1960.40808854893
KE,gdp_per_capita,2020,1927.66459027849
KE,gdp_per_capita,2021,2061.35622089594
KE,gdp_per_capita,2022,2109.56288513137
KE,gdp_per_capita,2023,1942.58802756191
KE,gdp_per_capita,2024,2132.43452097647
KE,population,1960,7695307.0
KE,population,1961,7987770.0
KE,population,1962,8299308.0
KE,population,1963,8627971.0
KE,population,1964,8973535.0
KE,population,1965,9338078.0
KE,population,1966,9717816.0
KE,population,1967,10111057.0
KE,population,1968,10518823.0
KE,population,1969,10939695.0
KE,population,1970,11368791.0
KE,population,1971,11788904.0
KE,population,1972,12206060.0
KE,population,1973,12634835.0
KE,population,1974,13070078.0
KE,population,1975,13511671.0
KE,population,1976,13957623.0
KE,population,1977,14428819.0
KE,population,1978,14934126.0
KE,population,1979,15460666.0
KE,population,1980,16018459.0
KE,population,1981,16601507.0
KE,population,1982,17206175.0
KE,population,1983,17846374.0
KE,population,1984,18514906.0
KE,population,1985,19201768.0
KE,population,1986,19901646.0
KE,population,1987,20616096.0
KE,population,1988,21356219.0
KE,population,1989,22118434.0
KE,population,1990,22892651.0
KE,population,1991,23646514.0
KE,population,1992,24382460.0
KE,population,1993,25117188.0
KE,population,1994,25857130.0
KE,population,1995,26601751.0
KE,population,1996,27344211.0
KE,population,1997,28101768.0
KE,population,1998,28888057.0
KE,population,1999,29733408.0
KE,population,2000,30642890.0
KE,population,2001,31619170.0
KE,population,2002,32629808.0
KE,population,2003,33652223.0
KE,population,2004,34713455.0
KE,population,2005,35796484.0
KE,population,2006,36904008.0
KE,population,2007,38036349.0
KE,population,2008,39206351.0
KE,population,2009,40408891.0
KE,population,2010,41598567.0
KE,population,2011,42758461.0
KE,population,2012,43888303.0
KE,population,2013,44986791.0
KE,population,2014,46051440.0
KE,population,2015,47088526.0
KE,population,2016,48139687.0
KE,population,2017,49197766.0
KE,population,2018,50207107.0
KE,population,2019,51202827.0
KE,population,2020,52217334.0
KE,population,2021,53219166.0
KE,population,2022,54252461.0
KE,population,2023,55339003.0
KE,population,2024,56432944.0
KE,poverty_headcount,1992,32.0
KE,poverty_headcount,1994,32.0
KE,poverty_headcount,1997,32.6
KE,poverty_headcount,2005,44.6
KE,poverty_headcount,2015,37.7
KE,poverty_headcount,2020,44.4
KE,poverty_headcount,2021,46.4
KE,poverty_headcount,2022,45.5
KE,school_enrollment,1999,60.99233
KE,school_enrollment,2000,63.70743
KE,school_enrollment,2001,64.82191
KE,school_enrollment,2002,59.55194
KE,school_enrollment,2003,70.65569
KE,school_enrollment,2004,68.99043
KE,school_enrollment,2005,69.58856
KE,school_enrollment,2006,68.69264
KE,school_enrollment,2007,78.52198
KE,school_enrollment,2008,74.7547
KE,school_enrollment,2009,75.94578
KE,school_enrollment,2012,79.96782
KE,unemployment_rate,1991,2.78
KE,unemployment_rate,1992,2.894
KE,unemployment_rate,1993,2.979
KE,unemployment_rate,1994,2.955
KE,unemployment_rate,1995,2.848
KE,unemployment_rate,1996,2.773
KE,unemployment_rate,1997,2.818
KE,unemployment_rate,1998,2.843
KE,unemployment_rate,1999,2.884
KE,unemployment_rate,2000,2.884
KE,unemployment_rate,2001,2.876
KE,unemployment_rate,2002,2.916
KE,unemployment_rate,2003,2.869
KE,unemployment_rate,2004,2.844
KE,unemployment_rate,2005,2.739
KE,unemployment_rate,2006,2.673
KE,unemployment_rate,2007,2.642
KE,unemployment_rate,2008,2.751
KE,unemployment_rate,2009,2.816
KE,unemployment_rate,2010,2.793
KE,unemployment_rate,2011,2.699
KE,unemployment_rate,2012,2.678
KE,unemployment_rate,2013,2.762
KE,unemployment_rate,2014,2.767
KE,unemployment_rate,2015,2.762
KE,unemployment_rate,2016,2.757
KE,unemployment_rate,2017,3.542
KE,unemployment_rate,2018,4.284
KE,unemployment_rate,2019,5.014
KE,unemployment_rate,2020,5.613
KE,unemployment_rate,2021,5.693
KE,unemployment_rate,2022,5.565
KE,unemployment_rate,2023,5.409
KE,unemployment_rate,2024,5.487
KE,unemployment_rate,2025,5.449
MY,agriculture_value,1960,43.7159324923287
MY,agriculture_value,1961,45.382152181381
MY,agriculture_value,1962,42.9686616614983
MY,agriculture_value,1963,35.1236530452889
MY,agriculture_value,1964,33.2737840478808
MY,agriculture_value,1965,31.0066375690608
MY,agriculture_value,1966,31.5412355814195
MY,agriculture_value,1967,31.5981233353821
MY,agriculture_value,1968,31.338511034821
MY,agriculture_value,1969,33.1368791228383
MY,agriculture_value,1970,32.5802840476794
MY,agriculture_value,1971,28.4261906599768
MY,agriculture_value,1972,28.2624810126582
MY,agriculture_value,1973,28.9364471505635
MY,agriculture_value,1974,32.4653403622364
MY,agriculture_value,1975,30.7169416084542
MY,agriculture_value,1976,29.4018255296422
MY,agriculture_value,1977,28.2144613481756
MY,agriculture_value,1978,26.38947421211
MY,agriculture_value,1979,24.8752858435292
MY,agriculture_value,1980,23.0272681398664
MY,agriculture_value,1981,21.8210324058806
MY,agriculture_value,1982,21.5016607294046
MY,agriculture_value,1983,20.2230885526092
MY,agriculture_value,1984,20.3456944060339
MY,agriculture_value,1985,20.2814785078095
MY,agriculture_value,1986,20.1845026119507
MY,agriculture_value,1987,19.9605352407967
MY,agriculture_value,1988,20.0714517700552
MY,agriculture_value,1989,18.0817804300932
MY,agriculture_value,1990,15.2165332840671
MY,agriculture_value,1991,14.3557029099198
MY,agriculture_value,1992,14.572410772355
MY,agriculture_value,1993,13.7873561215838
MY,agriculture_value,1994,13.6610372401656
MY,agriculture_value,1995,12.9494365608411
MY,agriculture_value,1996,11.6804344741696
MY,agriculture_value,1997,11.1013325289661
MY,agriculture_value,1998,13.3122442566983
MY,agriculture_value,1999,10.8423880517615
MY,agriculture_value,2000,8.59902188826631
MY,agriculture_value,2001,8.01097059098812
MY,agriculture_value,2002,8.98508140381459
MY,agriculture_value,2003,9.30608521643197
MY,agriculture_value,2004,9.27100209261509
MY,agriculture_value,2005,8.26229170422644
MY,agriculture_value,2006,8.60998284136304
MY,agriculture_value,2007,9.98677367962245
MY,agriculture_value,2008,9.96858233467411
MY,agriculture_value,2009,9.21910004390782
MY,agriculture_value,2010,10.0899159275121
MY,agriculture_value,2011,11.4533531198278
MY,agriculture_value,2012,9.79375074645921
MY,agriculture_value,2013,9.11336384538206
MY,agriculture_value,2014,8.87320901302643
MY,agriculture_value,2015,8.2874950827938
MY,agriculture_value,2016,8.46251885618027
MY,agriculture_value,2017,8.59827753533139
MY,agriculture_value,2018,7.51205693063821
MY,agriculture_value,2019,7.24131401562151
MY,agriculture_value,2020,8.16597089919598
MY,agriculture_value,2021,9.56621458844467
MY,agriculture_value,2022,8.96184922741417
MY,agriculture_value,2023,7.76530932127302
MY,agriculture_value,2024,8.12846782241948
MY,gdp_per_capita,1960,240.847414554537
MY,gdp_per_capita,1961,232.943768818315
MY,gdp_per_capita,1962,238.836339180717
MY,gdp_per_capita,1963,291.800006993807
MY,gdp_per_capita,1964,302.933952345239
MY,gdp_per_capita,1965,326.436007443045
MY,gdp_per_capita,1966,338.570121454412
MY,gdp_per_capita,1967,335.425630582949
MY,gdp_per_capita,1968,342.444763417284
MY,gdp_per_capita,1969,368.385655484736
MY,gdp_per_capita,1970,379.626764270849
MY,gdp_per_capita,1971,407.19672797331
MY,gdp_per_capita,1972,472.363509449959
MY,gdp_per_capita,1973,700.728626010603
MY,gdp_per_capita,1974,847.806802570239
MY,gdp_per_capita,1975,810.570999701272
MY,gdp_per_capita,1976,940.437734141673
MY,gdp_per_capita,1977,1091.70837095855
MY,gdp_per_capita,1978,1326.88769798353
MY,gdp_per_capita,1979,1679.87779419937
MY,gdp_per_capita,1980,1886.12339323875
MY,gdp_per_capita,1981,1866.10246831744
MY,gdp_per_capita,1982,1937.74922725899
MY,gdp_per_capita,1983,2124.29229106221
MY,gdp_per_capita,1984,2299.80870816235
MY,gdp_per_capita,1985,2045.57471772113
MY,gdp_per_capita,1986,1759.73185736702
MY,gdp_per_capita,1987,1977.1290866202
MY,gdp_per_capita,1988,2099.95467656701
MY,gdp_per_capita,1989,2243.60219599914
MY,gdp_per_capita,1990,2468.69080320116
MY,gdp_per_capita,1991,2679.20101106745
MY,gdp_per_capita,1992,3141.43321987651
MY,gdp_per_capita,1993,3461.99504214189
MY,gdp_per_capita,1994,3757.65292858601
MY,gdp_per_capita,1995,4363.14458333034
MY,gdp_per_capita,1996,4837.16897250768
MY,gdp_per_capita,1997,4678.56390058182
MY,gdp_per_capita,1998,3294.30978444095
MY,gdp_per_capita,1999,3527.81581379249
MY,gdp_per_capita,2000,4083.52874483605
MY,gdp_per_capita,2001,3943.79943910239
MY,gdp_per_capita,2002,4184.03163773539
MY,gdp_per_capita,2003,4465.32194567208
MY,gdp_per_capita,2004,4939.24851854427
MY,gdp_per_capita,2005,5555.58179951206
MY,gdp_per_capita,2006,6158.40785533236
MY,gdp_per_capita,2007,7168.93031942508
MY,gdp_per_capita,2008,8371.82156086005
MY,gdp_per_capita,2009,7191.43287234626
MY,gdp_per_capita,2010,8899.34505544675
MY,gdp_per_capita,2011,10217.1068585031
MY,gdp_per_capita,2012,10600.5744240026
MY,gdp_per_capita,2013,10713.6407638899
MY,gdp_per_capita,2014,11013.3107334403
MY,gdp_per_capita,2015,9648.6797937523
MY,gdp_per_capita,2016,9476.53409809923
MY,gdp_per_capita,2017,9862.54806612235
MY,gdp_per_capita,2018,10901.8019954421
MY,gdp_per_capita,2019,10920.191763972
MY,gdp_per_capita,2020,9957.52626697613
MY,gdp_per_capita,2021,10903.1037480772
MY,gdp_per_capita,2022,11754.5678336248
MY,gdp_per_capita,2023,11386.0395636528
MY,gdp_per_capita,2024,11874.4273684245
MY,population,1960,7956197.0
MY,population,1961,8164443.0
MY,population,1962,8380172.0
MY,population,1963,8602160.0
MY,population,1964,8828406.0
MY,population,1965,9056408.0
MY,population,1966,9284688.0
MY,population,1967,9507099.0
MY,population,1968,9725281.0
MY,population,1969,9947597.0
MY,population,1970,10178802.0
MY,population,1971,10423453.0
MY,population,1972,10676835.0
MY,population,1973,10935621.0
MY,population,1974,11200906.0
MY,population,1975,11471914.0
MY,population,1976,11750097.0
MY,population,1977,12035713.0
MY,population,1978,12328157.0
MY,population,1979,12627862.0
MY,population,1980,12983363.0
MY,population,1981,13399203.0
MY,population,1982,13832798.0
MY,population,1983,14285907.0
MY,population,1984,14759009.0
MY,population,1985,15252258.0
MY,population,1986,15760419.0
MY,population,1987,16276737.0
MY,population,1988,16796605.0
MY,population,1989,17314997.0
MY,population,1990,17833171.0
MY,population,1991,18342464.0
MY,population,1992,18834572.0
MY,population,1993,19322664.0
MY,population,1994,19820446.0
MY,population,1995,20330599.0
MY,population,1996,20850087.0
MY,population,1997,21375218.0
MY,population,1998,21906713.0
MY,population,1999,22435531.0
MY,population,2000,22967816.0
MY,population,2001,23526538.0
MY,population,2002,24102477.0
MY,population,2003,24679602.0
MY,population,2004,25256772.0
MY,population,2005,25836071.0
MY,population,2006,26417909.0
MY,population,2007,26998389.0
MY,population,2008,27570059.0
MY,population,2009,28124778.0
MY,population,2010,28655776.0
MY,population,2011,29162039.0
MY,population,2012,29662831.0
MY,population,2013,30174265.0
MY,population,2014,30696137.0
MY,population,2015,31232798.0
MY,population,2016,31789685.0
MY,population,2017,32355644.0
MY,population,2018,32910967.0
MY,population,2019,33440596.0
MY,population,2020,33889558.0
MY,population,2021,34282399.0
MY,population,2022,34695493.0
MY,population,2023,35126298.0
MY,population,2024,35557673.0
MY,poverty_headcount,1984,6.7
MY,poverty_headcount,1987,5.9
MY,poverty_headcount,1989,4.9
MY,poverty_headcount,1992,5.0
MY,poverty_headcount,1995,5.2
MY,poverty_headcount,1997,1.7
MY,poverty_headcount,2003,3.2
MY,poverty_headcount,2006,1.7
MY,poverty_headcount,2008,1.5
MY,poverty_headcount,2011,0.4
MY,poverty_headcount,2013,0.1
MY,poverty_headcount,2015,0.1
MY,poverty_headcount,2018,0.0
MY,poverty_headcount,2021,0.0
MY,school_enrollment,1970,87.01569
MY,school_enrollment,1971,86.73464
MY,school_enrollment,1972,87.76241
MY,school_enrollment,1994,97.25382
MY,school_enrollment,1998,95.78351
MY,school_enrollment,1999,95.61761
MY,school_enrollment,2000,98.41488
MY,school_enrollment,2001,97.81452
MY,school_enrollment,2002,96.5906
MY,school_enrollment,2003,97.09317
MY,school_enrollment,2004,99.37525
MY,school_enrollment,2005,99.59294
MY,school_enrollment,2006,95.4107
MY,school_enrollment,2007,95.11282
MY,school_enrollment,2008,95.06773
MY,school_enrollment,2009,95.86919
MY,school_enrollment,2010,96.23306
MY,school_enrollment,2011,97.06133
MY,school_enrollment,2012,98.54356
MY,school_enrollment,2013,99.66427
MY,school_enrollment,2014,99.8924
MY,school_enrollment,2015,99.51663
MY,school_enrollment,2016,99.82064
MY,school_enrollment,2017,99.64564
MY,unemployment_rate,1991,3.7
MY,unemployment_rate,1992,3.71
MY,unemployment_rate,1993,4.11
MY,unemployment_rate,1994,3.64
MY,unemployment_rate,1995,3.15
MY,unemployment_rate,1996,2.52
MY,unemployment_rate,1997,2.45
MY,unemployment_rate,1998,3.2
MY,unemployment_rate,1999,3.43
MY,unemployment_rate,2000,3.0
MY,unemployment_rate,2001,3.53
MY,unemployment_rate,2002,3.48
MY,unemployment_rate,2003,3.61
MY,unemployment_rate,2004,3.54
MY,unemployment_rate,2005,3.53
MY,unemployment_rate,2006,3.32
MY,unemployment_rate,2007,3.31
MY,unemployment_rate,2008,3.34
MY,unemployment_rate,2009,3.62
MY,unemployment_rate,2010,3.32
MY,unemployment_rate,2011,3.05
MY,unemployment_rate,2012,3.04
MY,unemployment_rate,2013,3.14
MY,unemployment_rate,2014,2.88
MY,unemployment_rate,2015,3.1
MY,unemployment_rate,2016,3.44
MY,unemployment_rate,2017,3.41
MY,unemployment_rate,2018,3.3
MY,unemployment_rate,2019,3.33
MY,unemployment_rate,2020,4.54
MY,unemployment_rate,2021,4.64
MY,unemployment_rate,2022,3.93
MY,unemployment_rate,2023,3.858
MY,unemployment_rate,2024,3.846
MY,unemployment_rate,2025,3.764
PH,agriculture_value,1960,23.7081886401864
PH,agriculture_value,1961,23.6453816548095
PH,agriculture_value,1962,23.8050235723976
PH,agriculture_value,1963,24.4045616089742
PH,agriculture_value,1964,23.7597278373505
PH,agriculture_value,1965,24.2669861645514
PH,agriculture_value,1966,24.2495548613285
PH,agriculture_value,1967,24.4306398737826
PH,agriculture_value,1968,26.1283864573497
PH,agriculture_value,1969,26.7908574444179
PH,agriculture_value,1970,26.3588782659169
PH,agriculture_value,1971,27.0528960689863
PH,agriculture_value,1972,26.2174506850867
PH,agriculture_value,1973,27.1991178494379
PH,agriculture_value,1974,27.6300031133891
PH,agriculture_value,1975,26.9446902223849
PH,agriculture_value,1976,25.91656232506
PH,agriculture_value,1977,25.3814929310542
PH,agriculture_value,1978,24.9110577412843
PH,agriculture_value,1979,24.1817325811521
PH,agriculture_value,1980,22.0315834069677
PH,agriculture_value,1981,21.8080621819015
PH,agriculture_value,1982,20.4230485292463
PH,agriculture_value,1983,19.5239809608368
PH,agriculture_value,1984,21.6852969541723
PH,agriculture_value,1985,21.5944650234403
PH,agriculture_value,1986,21.0293839086533
PH,agriculture_value,1987,21.0794353560415
PH,agriculture_value,1988,20.110454501016
PH,agriculture_value,1989,19.8651101063321
PH,agriculture_value,1990,19.1598428879723
PH,agriculture_value,1991,18.3384614659452
PH,agriculture_value,1992,19.1073217284293
PH,agriculture_value,1993,18.9079534983303
PH,agriculture_value,1994,19.2600358538901
PH,agriculture_value,1995,18.9251458784336
PH,agriculture_value,1996,18.0136454030734
PH,agriculture_value,1997,16.4491020670556
PH,agriculture_value,1998,14.7466733129599
PH,agriculture_value,1999,15.1943554182619
PH,agriculture_value,2000,13.9410952116747
PH,agriculture_value,2001,13.302809302832
PH,agriculture_value,2002,13.4484134145704
PH,agriculture_value,2003,13.1509476628836
PH,agriculture_value,2004,13.9844036917201
PH,agriculture_value,2005,13.517547003593
PH,agriculture_value,2006,13.3612491069675
PH,agriculture_value,2007,13.606507617711
PH,agriculture_value,2008,14.5160747573134
PH,agriculture_value,2009,14.5402133153152
PH,agriculture_value,2010,13.7488650524217
PH,agriculture_value,2011,14.0957351510823
PH,agriculture_value,2012,13.0958070106782
PH,agriculture_value,2013,12.4734251044125
PH,agriculture_value,2014,12.2716816211446
PH,agriculture_value,2015,10.9964991548623
PH,agriculture_value,2016,10.2051255325616
PH,agriculture_value,2017,10.1829541314109
PH,agriculture_value,2018,9.65014035815306
PH,agriculture_value,2019,8.82032374730525
PH,agriculture_value,2020,10.1853110317615
PH,agriculture_value,2021,10.0691640204876
PH,agriculture_value,2022,9.55176804414326
PH,agriculture_value,2023,9.40036652870699
PH,agriculture_value,2024,9.08252678487007
PH,population,1960,27891897.0
PH,population,1961,28792621.0
PH,population,1962,29723536.0
PH,population,1963,30674731.0
PH,population,1964,31643032.0
PH,population,1965,32625316.0
PH,population,1966,33617170.0
PH,population,1967,34621320.0
PH,population,1968,35638342.0
PH,population,1969,36660799.0
PH,population,1970,37622204.0
PH,population,1971,38518659.0
PH,population,1972,39408560.0
PH,population,1973,40294130.0
PH,population,1974,41174341.0
PH,population,1975,42120826.0
PH,population,1976,43201488.0
PH,population,1977,44367962.0
PH,population,1978,45575281.0
PH,population,1979,46807103.0
PH,population,1980,48043740.0
PH,population,1981,49311727.0
PH,population,1982,50695707.0
PH,population,1983,52194620.0
PH,population,1984,53726181.0
PH,population,1985,55213006.0
PH,population,1986,56645077.0
PH,population,1987,58157496.0
PH,population,1988,59739052.0
PH,population,1989,61265260.0
PH,population,1990,62854666.0
PH,population,1991,64382249.0
PH,population,1992,65926125.0
PH,population,1993,67530621.0
PH,population,1994,69019291.0
PH,population,1995,70546246.0
PH,population,1996,72190242.0
PH,population,1997,73908810.0
PH,population,1998,75791024.0
PH,population,1999,77753257.0
PH,population,2000,79625397.0
PH,population,2001,81401488.0
PH,population,2002,83068889.0
PH,population,2003,84731835.0
PH,population,2004,86394504.0
PH,population,2005,88015962.0
PH,population,2006,89508986.0
PH,population,2007,91075184.0
PH,population,2008,92699095.0
PH,population,2009,94384250.0
PH,population,2010,96337125.0
PH,population,2011,98248614.0
PH,population,2012,100175512.0
PH,population,2013,102076336.0
PH,population,2014,103767130.0
PH,population,2015,105312992.0
PH,population,2016,106735719.0
PH,population,2017,108119693.0
PH,population,2018,109465287.0
PH,population,2019,110804683.0
PH,population,2020,112081264.0
PH,population,2021,113100950.0
PH,population,2022,113964338.0
PH,population,2023,114891199.0
PH,population,2024,115843670.0
PH,poverty_headcount,1985,43.3
PH,poverty_headcount,1988,41.0
PH,poverty_headcount,1991,40.6
PH,poverty_headcount,1994,38.8
PH,poverty_headcount,1997,30.7
PH,poverty_headcount,2000,25.9
PH,poverty_headcount,2003,24.3
PH,poverty_headcount,2006,26.1
PH,poverty_headcount,2009,22.0
PH,poverty_headcount,2012,21.3
PH,poverty_headcount,2015,14.6
PH,poverty_headcount,2018,8.3
PH,poverty_headcount,2021,8.1
PH,poverty_headcount,2023,5.3
PH,school_enrollment,1976,96.79226
PH,school_enrollment,1979,96.17531
PH,school_enrollment,1981,93.15358
PH,school_enrollment,1982,93.16523
PH,school_enrollment,1983,91.57376
PH,school_enrollment,1984,90.89301
PH,school_enrollment,1985,94.43847
PH,school_enrollment,1986,93.83803
PH,school_enrollment,1987,94.10697
PH,school_enrollment,1988,96.14788
PH,school_enrollment,1989,97.64527
PH,school_enrollment,1992,95.62759
PH,school_enrollment,1993,94.67716
PH,school_enrollment,1994,93.04913
PH,school_enrollment,1996,95.75706
PH,school_enrollment,1998,91.8589
PH,school_enrollment,1999,88.98721
PH,school_enrollment,2001,89.53385
PH,school_enrollment,2002,89.63244
PH,school_enrollment,2003,89.90912
PH,school_enrollment,2004,89.35752
PH,school_enrollment,2005,88.55488
PH,school_enrollment,2006,86.79077
PH,school_enrollment,2007,87.09612
PH,school_enrollment,2008,88.12346
PH,school_enrollment,2009,89.88861
PH,school_enrollment,2014,95.36339
PH,school_enrollment,2015,95.0759
PH,school_enrollment,2016,94.36604
PH,school_enrollment,2017,93.7756
PH,unemployment_rate,1991,3.727
PH,unemployment_rate,1992,3.849
PH,unemployment_rate,1993,3.869
PH,unemployment_rate,1994,3.767
PH,unemployment_rate,1995,3.68
PH,unemployment_rate,1996,3.607
PH,unemployment_rate,1997,3.592
PH,unemployment_rate,1998,3.697
PH,unemployment_rate,1999,3.751
PH,unemployment_rate,2000,3.77
PH,unemployment_rate,2001,3.698
PH,unemployment_rate,2002,3.616
PH,unemployment_rate,2003,3.527
PH,unemployment_rate,2004,3.554
PH,unemployment_rate,2005,3.795
PH,unemployment_rate,2006,4.052
PH,unemployment_rate,2007,3.434
PH,unemployment_rate,2008,3.72
PH,unemployment_rate,2009,3.858
PH,unemployment_rate,2010,3.605
PH,unemployment_rate,2011,3.592
PH,unemployment_rate,2012,3.504
PH,unemployment_rate,2013,3.497
PH,unemployment_rate,2014,3.6
PH,unemployment_rate,2015,3.068
PH,unemployment_rate,2016,2.695
PH,unemployment_rate,2017,2.552
PH,unemployment_rate,2018,2.338
PH,unemployment_rate,2019,2.237
PH,unemployment_rate,2020,2.522
PH,unemployment_rate,2021,3.398
PH,unemployment_rate,2022,2.598
PH,unemployment_rate,2023,2.2
PH,unemployment_rate,2024,2.202
PH,unemployment_rate,2025,2.235
